Id Operacao;Data do Inicio;Data da Deflagracao;Tipo de Operacao;Area;Sigla Unidade Federativa;Sigla Unidade Institucional;Atuacao em Territorio Indigena;Atuacao em Territorio de Fronteira;Qtd Prisao em Flagrante;Qtd Prisao Preventiva;Qtd Prisao Temporaria;Qtd Mandado de Busca e Apreesao;Qtd Valores Apreendidos;Qtd Valores Apreendidos i11;Qtd Valores Descapitalizados;Qtd Prejuizos Causados a Uniao;Proib Ausentar Comarca;Proib Acesso ou Freq;Comparecimento Juizo;Qtd Fianca;Qtd Internacao Prov;Proib Contato;Mand Jud Caut Assec;Recol Domic Noturno;Susp Ex Func Pub A E;Monit Eletronica
766d032d352fddd0ee78873a1edecaa4;26/07/2023;29/08/2023;Operacao Especial;Tráfico de Drogas                                                                                                               ;DF;SR/PF/DF                                                        ;Nao;                                                                                                                                ;0;0;0;1;;;;;0;0;0;0;0;0;0;0;0;0
2e0d9810c7f3745bf72285c163ff835c;29/08/2023;29/08/2023;Operacao de Apoio;Crimes Contra o Patrimônio                                                                                                      ;SP;SR/PF/SP                                                        ;Nao;                                                                                                                                ;0;0;0;0;;;;;0;0;0;0;0;0;0;0;0;0
dd4153695a33d3bde24221a207781b44;29/08/2023;29/08/2023;Operacao de Apoio;Crimes Contra o Patrimônio                                                                                                      ;SP;DPF/SJE/SP                                                      ;Nao;                                                                                                                                ;0;0;0;0;;;;;0;0;0;0;0;0;0;0;0;0
8440c1fa22fe2bba1bc1cfe6f5b82838;29/08/2023;29/08/2023;Operacao Especial;Crimes de Corrupção                                                                                                             ;AM;NIP/SR/PF/AM                                                    ;Nao;                                                                                                                                ;0;0;0;19;R$78.858,00;;;;0;0;0;0;0;0;0;0;0;0
3a7a8620dd8cd4c8a539d50fcd971e42;02/01/2023;28/08/2023;Operacao Especial;Tráfico de Drogas                                                                                                               ;ES;SR/PF/ES                                                        ;Nao;                                                                                                                                ;0;0;0;0;;;;;0;0;0;0;0;0;0;0;0;0
7edad3b7e3da7a7799bc378424dd40bf;28/08/2023;28/08/2023;Operacao de Apoio;Tráfico de Drogas                                                                                                               ;DF;SR/PF/DF                                                        ;Nao;                                                                                                                                ;0;0;0;0;;;;;0;0;0;0;0;0;0;0;0;0
56dfc41867dc4d05e285222c24c4e7c2;28/08/2023;28/08/2023;Operacao Simples ;Tráfico de Drogas                                                                                                               ;MT;SR/PF/MT                                                        ;Nao;                                                                                                                                ;0;0;0;0;R$806,00;;;;0;0;0;0;0;0;0;0;0;0
2eeb9d707f0b1ce2c6609df5da9b49ca;27/08/2023;27/08/2023;Operacao Simples ;Tráfico de Drogas                                                                                                               ;BA;DPF/JZO/BA                                                      ;Nao;                                                                                                                                ;3;0;0;0;;;;;0;0;0;0;0;0;0;0;0;0
69a382811e6dbf95f2744d64249eb913;31/10/2022;25/08/2023;Operacao Especial;Crimes Contra Direitos Humanos                                                                                                  ;ES;DPF/SMT/ES                                                      ;Nao;                                                                                                                                ;1;0;0;2;;;;;0;0;0;0;0;0;0;0;0;0
ae029258854ca9d8e649a5fb43f366b0;01/06/2023;25/08/2023;Operacao Especial;Crimes de Ódio e Pornografia Infantil                                                                                           ;BA;SR/PF/BA                                                        ;Nao;                                                                                                                                ;0;1;0;1;;;;;0;0;0;0;0;0;0;0;0;0
7d46c9aabfabcb59f09befdf5258cdfd;25/08/2023;25/08/2023;Operacao Comum   ;Crimes Fazendários                                                                                                              ;AL;SR/PF/AL                                                        ;Nao;                                                                                                                                ;1;0;0;0;;;;;0;0;0;0;0;0;0;0;0;0
e8c345fea04577be6de5af31e60f1a83;25/08/2023;25/08/2023;Operacao Simples ;Crimes Fazendários                                                                                                              ;ES;DPF/SMT/ES                                                      ;Nao;                                                                                                                                ;1;0;0;1;R$950,00;;;;0;0;0;0;0;0;0;0;0;0
31c9eeef3aef03d31b13a9be85faab94;25/08/2023;25/08/2023;Operacao Especial;Tráfico de Drogas                                                                                                               ;AC;GISE/CGPRE/AC                                                   ;Nao;                                                                                                                                ;2;9;0;7;R$10.000,00;;;;0;0;0;0;0;0;0;0;0;0
d3d5f8dd875e266b2f2c46c36a5d9ed5;25/08/2023;25/08/2023;Operacao Especial;Crimes Contra Direitos Humanos                                                                                                  ;SP;DPF/SJK/SP                                                      ;Nao;                                                                                                                                ;0;0;0;0;;;;;0;0;0;0;0;0;0;0;0;0
3cde912ec50d579f7ae7970e38bb93e6;03/11/2021;24/08/2023;Operacao Especial;Crimes de Ódio e Pornografia Infantil                                                                                           ;RO;SR/PF/RO                                                        ;Nao;Bolívia                                                                                                                         ;1;0;0;2;R$1.200,00;;;;0;0;0;0;0;0;0;0;0;0
791b4a3ecaa660bc5885de88bf401c56;10/01/2023;24/08/2023;Operacao Especial;Tráfico de Drogas                                                                                                               ;ES;SR/PF/ES                                                        ;Nao;                                                                                                                                ;0;0;3;5;R$490.000,00;;;;0;0;0;0;0;0;0;0;0;0
f317961004113ba23a5c874c60edb98b;31/07/2023;24/08/2023;Operacao Especial;Crimes de Corrupção                                                                                                             ;MT;SR/PF/MT                                                        ;Nao;                                                                                                                                ;0;0;4;13;R$383.430,00;;R$7.800.000,00;R$7.800.000,00;0;0;0;0;0;0;0;0;1;0
facae3a3bb0a5db1f454941d1b900eee;21/08/2023;24/08/2023;Operacao Especial;Crimes Fazendários                                                                                                              ;ES;SR/PF/ES                                                        ;Nao;                                                                                                                                ;0;0;0;0;;;;;0;0;0;0;0;0;0;0;0;0
fcaffbcc6f9223295a7d20257189b96a;24/08/2023;24/08/2023;Operacao de Apoio;Tráfico de Drogas                                                                                                               ;CE;SR/PF/CE                                                        ;Nao;                                                                                                                                ;0;0;0;0;;;;;0;0;0;0;0;0;0;0;0;0
1a167de8bba4eb951cbc111830816011;24/08/2023;24/08/2023;Operacao Especial;Crimes Financeiros                                                                                                              ;CE;SR/PF/CE                                                        ;Nao;                                                                                                                                ;0;0;0;9;;;;;0;0;0;0;0;0;0;0;0;0
b5d08849fc5f5c6ae254b535f8467f0f;23/08/2023;23/08/2023;Operacao de Apoio;Crimes Contra o Patrimônio                                                                                                      ;RN;SR/PF/RN                                                        ;Nao;                                                                                                                                ;0;0;0;0;;;;;0;0;0;0;0;0;0;0;0;0
43f7806925117602ecf13681c9a4dae2;25/08/2023;23/08/2023;Operacao Simples ;Tráfico de Drogas                                                                                                               ;MT;SR/PF/MT                                                        ;Nao;                                                                                                                                ;1;0;0;0;R$861,00;;;;0;0;0;0;0;0;0;0;0;0
096a1b4e84d54e26fb7f4fd56b9fb5e1;22/08/2023;22/08/2023;Operacao Especial;Tráfico de Drogas                                                                                                               ;AC;DPF/CZS/AC                                                      ;Nao;                                                                                                                                ;0;0;1;4;;;;;0;0;0;0;0;0;0;0;0;0
117d0f638ed7bf5173efde1cbd0cedd2;22/08/2023;22/08/2023;Operacao Especial;Crimes Contra Direitos Humanos                                                                                                  ;ES;SR/PF/ES                                                        ;Nao;                                                                                                                                ;0;0;0;0;;;;;0;0;0;0;0;0;0;0;0;0
6f0f8be92a89a930b05638fff984a66f;22/08/2023;22/08/2023;Operacao Especial;Tráfico de Drogas                                                                                                               ;AC;DPF/EPA/AC                                                      ;Nao;Peru                                                                                                                            ;0;0;0;2;R$1.000,00;;;;0;0;0;0;0;0;0;0;0;0
1ac38cdc312662760e7dcb2548983f5b;22/08/2023;22/08/2023;Operacao Simples ;Tráfico de Drogas                                                                                                               ;RO;SR/PF/RO                                                        ;Nao;Bolívia                                                                                                                         ;1;0;0;0;R$326.500,00;;;;0;0;0;0;0;0;0;0;0;0
69f798483aa19ea0e2d7fac568088743;22/08/2023;22/08/2023;Operacao Especial;Crimes Contra Direitos Humanos                                                                                                  ;MA;DPF/CXA/MA                                                      ;Nao;                                                                                                                                ;0;0;0;0;;;;;0;0;0;0;0;0;0;0;0;0
e38e9649650f3b89e869f3788678a452;21/08/2023;21/08/2023;Operacao Especial;Crimes Contra Direitos Humanos                                                                                                  ;DF;SR/PF/DF                                                        ;Nao;                                                                                                                                ;0;0;0;0;;;;;0;0;0;0;0;0;0;0;0;0
b6cd95d53810282d6a734fbb073e9479;21/08/2023;21/08/2023;Operacao Simples ;Tráfico de Drogas                                                                                                               ;AC;DPF/CZS/AC                                                      ;Nao;Peru                                                                                                                            ;1;0;0;0;R$40.000,00;;;;0;0;0;0;0;0;0;0;0;0
b9711d6a75b182d66815341df1da3f72;29/08/2023;21/08/2023;Operacao Simples ;Tráfico de Drogas                                                                                                               ;RO;SR/PF/RO                                                        ;Nao;Bolívia                                                                                                                         ;0;0;0;0;R$496.096,00;;;;0;0;0;0;0;0;0;0;0;0
c5258f24fae5714fcfd1f7a555f68ed1;20/08/2023;20/08/2023;Operacao Simples ;Tráfico de Drogas                                                                                                               ;CE;SR/PF/CE                                                        ;Nao;                                                                                                                                ;1;0;0;0;;;;;0;0;0;0;0;0;0;0;0;0
ad8339eea58b10e6dc4e9c719dd3832e;19/08/2023;19/08/2023;Operacao Simples ;Tráfico de Drogas                                                                                                               ;RN;SR/PF/RN                                                        ;Nao;                                                                                                                                ;1;0;0;0;R$5.319,00;;;;0;0;0;0;0;0;0;0;0;0
3a6c6c7b6d0b35e256510ed99ce23d7e;14/08/2023;18/08/2023;Operacao Comum   ;Crimes Fazendários                                                                                                              ;ES;SR/PF/ES                                                        ;Nao;                                                                                                                                ;2;0;0;0;;;;;0;0;0;0;0;0;0;0;0;0
70e2d251b880ad39287b3355784f8c91;17/08/2023;18/08/2023;Operacao Simples ;Tráfico de Drogas                                                                                                               ;RO;DPF/JPN/RO                                                      ;Nao;                                                                                                                                ;2;0;0;4;R$15.540.000,00;;;;0;0;0;0;0;0;0;0;0;0
d486a4a1b05c0a38e74d1432a0e4a167;18/08/2023;18/08/2023;Operacao Simples ;Tráfico de Drogas                                                                                                               ;PA;SR/PF/PA                                                        ;Nao;                                                                                                                                ;2;0;0;0;R$1.220,00;;;;0;0;0;0;0;0;0;0;0;0
3947480f6c6e1f33e5400ba4aa26b6ec;18/08/2023;18/08/2023;Operacao de Apoio;Tráfico de Drogas                                                                                                               ;MT;SR/PF/MT                                                        ;Nao;                                                                                                                                ;0;0;0;0;;;;;0;0;0;0;0;0;0;0;0;0
65dcb9fbed76650c1b91ace270efad24;18/08/2023;18/08/2023;Operacao de Apoio;Tráfico de Drogas                                                                                                               ;MT;SR/PF/MT                                                        ;Nao;                                                                                                                                ;0;0;0;0;;;;;0;0;0;0;0;0;0;0;0;0
4a21c1629ad0b74ed1e4f5ed2e5cadea;18/08/2023;18/08/2023;Operacao Simples ;Tráfico de Drogas                                                                                                               ;MT;DPF/BRG/MT                                                      ;Nao;                                                                                                                                ;0;0;0;0;R$97.500,00;;;;0;0;0;0;0;0;0;0;0;0
209938e990dd8b13c4691e30ef6af31f;25/08/2023;18/08/2023;Operacao Especial;Crimes de Ódio e Pornografia Infantil                                                                                           ;ES;SR/PF/ES                                                        ;Nao;                                                                                                                                ;1;0;0;2;;;;;0;0;0;0;0;0;0;0;0;0
0e765b51996b81c6ccf9a63e943a2dc7;10/02/2023;17/08/2023;Operacao Especial;Crimes de Ódio e Pornografia Infantil                                                                                           ;RS;DPF/SMA/RS                                                      ;Nao;                                                                                                                                ;1;0;0;2;;;;;0;0;0;1;0;0;0;0;0;0
42490b2fbea5a9bd97b1896aee3ee958;22/05/2023;17/08/2023;Operacao Especial;Crimes Contra o Patrimônio                                                                                                      ;SP;DPF/SJK/SP                                                      ;Nao;                                                                                                                                ;3;1;0;8;R$92.500,00;;;R$40.000,00;0;0;0;0;0;0;0;0;0;0
eff7b4b3d1cbcdc29ff8b8412d86af56;17/08/2023;17/08/2023;Operacao de Apoio;Crimes de Corrupção                                                                                                             ;MG;SR/PF/MG                                                        ;Nao;                                                                                                                                ;0;0;0;0;;;;;0;0;0;0;0;0;0;0;0;0
4d09e67a199599e89797752433cf5605;17/08/2023;17/08/2023;Operacao de Apoio;Crimes de Corrupção                                                                                                             ;MG;SR/PF/MG                                                        ;Nao;                                                                                                                                ;0;0;0;0;;;;;0;0;0;0;0;0;0;0;0;0
3a2f00942251d66cedc9757b326adc7a;17/08/2023;17/08/2023;Operacao de Apoio;Crimes de Corrupção                                                                                                             ;MG;SR/PF/MG                                                        ;Nao;                                                                                                                                ;0;0;0;0;;;;;0;0;0;0;0;0;0;0;0;0
8246146583f3e9b9229b731ab15d49f8;17/08/2023;17/08/2023;Operacao de Apoio;Crimes de Corrupção                                                                                                             ;DF;SR/PF/DF                                                        ;Nao;                                                                                                                                ;0;0;0;0;;;;;0;0;0;0;0;0;0;0;0;0
d1cde28b5ef1b81ba2ac3a5f92a49f14;17/08/2023;17/08/2023;Operacao de Apoio;Crimes de Corrupção                                                                                                             ;DF;SR/PF/DF                                                        ;Nao;                                                                                                                                ;0;0;0;0;;;;;0;0;0;0;0;0;0;0;0;0
5fcf301eea62ce1371469d43cc6dfa62;17/08/2023;17/08/2023;Operacao de Apoio;Crimes de Corrupção                                                                                                             ;CE;DPF/JNE/CE                                                      ;Nao;                                                                                                                                ;0;0;0;0;;;;;0;0;0;0;0;0;0;0;0;0
efbbb6dbeb092071b4b7ea7c2b9109b6;17/08/2023;17/08/2023;Operacao de Apoio;Crimes Financeiros                                                                                                              ;SC;SR/PF/SC                                                        ;Nao;                                                                                                                                ;0;0;0;0;;;;;0;0;0;0;0;0;0;0;0;0
6ab9087b03f81617e8ab7ae255986aa7;17/08/2023;17/08/2023;Operacao de Apoio;Crimes de Ódio e Pornografia Infantil                                                                                           ;SC;SR/PF/SC                                                        ;Nao;                                                                                                                                ;0;0;0;0;;;;;0;0;0;0;0;0;0;0;0;0
acb158e751576336cf9611f76d3fca37;17/08/2023;17/08/2023;Operacao Comum   ;Tráfico de Drogas                                                                                                               ;DF;SR/PF/DF                                                        ;Nao;                                                                                                                                ;0;0;0;0;;;;;0;0;0;0;0;0;0;0;0;0
e61f254a56c39ba82b6eaef975ae7d67;17/08/2023;17/08/2023;Operacao Simples ;Tráfico de Drogas                                                                                                               ;MS;SR/PF/MS                                                        ;Nao;                                                                                                                                ;0;0;0;0;R$956.913,00;;;;0;0;0;0;0;0;0;0;0;0
5f7f8effa79f036ca41bfce7bb14281c;17/08/2023;17/08/2023;Operacao de Apoio;Crimes de Corrupção                                                                                                             ;BA;DPF/VDC/BA                                                      ;Nao;                                                                                                                                ;0;0;0;0;;;;;0;0;0;0;0;0;0;0;0;0
ca57ff079062af8a2d1754606fdb5526;17/08/2023;17/08/2023;Operacao Simples ;Tráfico de Drogas                                                                                                               ;MG;DPF/URA/MG                                                      ;Nao;                                                                                                                                ;0;0;0;0;;;;;0;0;0;0;0;0;0;0;0;0
1859580c321756f862c985548f1bb07b;17/08/2023;17/08/2023;Operacao de Apoio;Crimes de Corrupção                                                                                                             ;ES;SR/PF/ES                                                        ;Nao;                                                                                                                                ;0;0;0;0;;;;;0;0;0;0;0;0;0;0;0;0
33f5e0be7377df6f8dcd5631cff05f2e;17/08/2023;17/08/2023;Operacao de Apoio;Crimes de Corrupção                                                                                                             ;ES;SR/PF/ES                                                        ;Nao;                                                                                                                                ;0;0;0;0;;;;;0;0;0;0;0;0;0;0;0;0
666c0c9957e2bfe09a12c89c59a443e6;17/08/2023;17/08/2023;Operacao de Apoio;Crimes de Corrupção                                                                                                             ;ES;SR/PF/ES                                                        ;Nao;                                                                                                                                ;0;0;0;0;;;;;0;0;0;0;0;0;0;0;0;0
1c798a16c290fbd35d852802aa54d16b;18/08/2023;17/08/2023;Operacao Simples ;Tráfico de Armas                                                                                                                ;RO;DPF/JPN/RO                                                      ;Nao;                                                                                                                                ;0;0;0;0;R$15.000,00;;;;0;0;0;0;0;0;0;0;0;0
2b4afbe2762ace3c8fc05d748da41f9f;25/11/2022;16/08/2023;Operacao Especial;Crimes Fazendários                                                                                                              ;ES;SR/PF/ES                                                        ;Nao;                                                                                                                                ;0;0;0;1;;;;;0;0;0;0;0;0;0;0;0;0
10564118d31434c2445f8d1ee39cba7a;27/02/2023;16/08/2023;Operacao Especial;Crimes de Ódio e Pornografia Infantil                                                                                           ;ES;SR/PF/ES                                                        ;Nao;                                                                                                                                ;0;0;0;2;;;;;0;0;0;0;0;0;0;0;0;0
e74300b4a25aa8aefc1df90007acd16e;27/03/2023;16/08/2023;Operacao Comum   ;Crimes Fazendários                                                                                                              ;ES;SR/PF/ES                                                        ;Nao;                                                                                                                                ;0;0;0;1;;;;;0;0;0;0;0;0;0;0;0;0
e385467a195b039ce667c0779e6e6c6b;20/06/2023;16/08/2023;Operacao Especial;Crimes de Ódio e Pornografia Infantil                                                                                           ;PR;DPF/FIG/PR                                                      ;Nao;                                                                                                                                ;1;0;0;1;;;;;0;0;0;0;0;0;0;0;0;0
b627f3daa0ae3da5cb4922fffdcfaaa3;10/08/2023;16/08/2023;Operacao Especial;Crimes de Ódio e Pornografia Infantil                                                                                           ;DF;SR/PF/DF                                                        ;Nao;                                                                                                                                ;0;0;1;0;;;;;0;0;0;0;0;0;0;0;0;0
968d7aae14ada4e4cfbf0cb0899a0128;16/08/2023;16/08/2023;Operacao de Apoio;Crimes de Corrupção                                                                                                             ;MG;SR/PF/MG                                                        ;Nao;                                                                                                                                ;0;0;0;0;;;;;0;0;0;0;0;0;0;0;0;0
f86d43d276bae59aefc1159e5da15141;16/08/2023;16/08/2023;Operacao de Apoio;Crimes de Corrupção                                                                                                             ;MG;SR/PF/MG                                                        ;Nao;                                                                                                                                ;0;0;0;0;;;;;0;0;0;0;0;0;0;0;0;0
8644f0a847d297d463a39300b2e54772;16/08/2023;16/08/2023;Operacao de Apoio;Crimes Contra o Patrimônio                                                                                                      ;MG;SR/PF/MG                                                        ;Nao;                                                                                                                                ;0;0;0;0;;;;;0;0;0;0;0;0;0;0;0;0
a71d949fc4626b571f3e647277228d86;16/08/2023;16/08/2023;Operacao de Apoio;Tráfico de Drogas                                                                                                               ;MG;SR/PF/MG                                                        ;Nao;                                                                                                                                ;0;0;0;0;;;;;0;0;0;0;0;0;0;0;0;0
c219107c668db057b17f1b88741538c5;16/08/2023;16/08/2023;Operacao Simples ;Tráfico de Armas                                                                                                                ;MS;DPF/NVI/MS                                                      ;Nao;                                                                                                                                ;1;0;0;0;R$5.534,00;;;;0;0;0;0;0;0;0;0;0;0
25b15bba31a5c0ad9ab1d59209dcfc8f;16/08/2023;16/08/2023;Operacao de Apoio;Crimes de Corrupção                                                                                                             ;SP;SR/PF/SP                                                        ;Nao;                                                                                                                                ;0;0;0;0;;;;;0;0;0;0;0;0;0;0;0;0
31884646cc53987259dedb82bb12bc00;20/08/2021;15/08/2023;Operacao Comum   ;Crimes de Ódio e Pornografia Infantil                                                                                           ;RS;SR/PF/RS                                                        ;Nao;                                                                                                                                ;0;0;0;1;;;;;0;0;0;0;0;0;0;0;0;0
11aad005bd9dadc19b825d7d11c3dedd;20/10/2022;15/08/2023;Operacao Comum   ;Crimes de Ódio e Pornografia Infantil                                                                                           ;RS;SR/PF/RS                                                        ;Nao;                                                                                                                                ;1;1;0;2;;;;;0;0;0;0;0;0;0;0;0;0
18193913dd17681d584ecd22d7966392;08/12/2022;15/08/2023;Operacao Comum   ;Crimes de Ódio e Pornografia Infantil                                                                                           ;RS;SR/PF/RS                                                        ;Nao;                                                                                                                                ;0;0;0;1;;;;;0;0;0;0;0;0;0;0;0;0
b0896ded63580d157d92e84db4f0b064;13/07/2023;15/08/2023;Operacao Comum   ;Crimes de Ódio e Pornografia Infantil                                                                                           ;RS;SR/PF/RS                                                        ;Nao;                                                                                                                                ;0;0;0;1;;;;;0;0;0;0;0;0;0;0;0;0
d4b22f58a519c8c03a5982b7e8cb54d2;14/08/2023;15/08/2023;Operacao Comum   ;Tráfico de Drogas                                                                                                               ;MG;FTSP/DPF/UDI/MG                                                 ;Nao;                                                                                                                                ;2;0;0;0;R$42.000,00;;;;0;0;0;0;0;0;0;0;0;0
a1d2282208205a6832a37601df840de2;15/08/2023;15/08/2023;Operacao Simples ;Crimes de Ódio e Pornografia Infantil                                                                                           ;RS;SR/PF/RS                                                        ;Nao;                                                                                                                                ;1;1;0;0;;;;;0;0;0;0;0;0;0;0;0;0
ce679cb3feec6acbddb537bdab16a679;15/08/2023;15/08/2023;Operacao Simples ;Tráfico de Armas                                                                                                                ;MS;SR/PF/MS                                                        ;Nao;                                                                                                                                ;1;0;0;0;R$1.950,00;;;;0;0;0;0;0;0;0;0;0;0
5e80cdcc3d340f8025b73910daf4c7d3;15/08/2023;15/08/2023;Operacao Simples ;Tráfico de Drogas                                                                                                               ;DF;SR/PF/DF                                                        ;Nao;                                                                                                                                ;1;0;0;0;;;;;0;0;0;0;0;0;0;0;0;0
c88d74bf0bd06af25077a91a86ad4b21;14/08/2023;14/08/2023;Operacao Simples ;Tráfico de Drogas                                                                                                               ;BA;DPF/BRA/BA                                                      ;Nao;                                                                                                                                ;0;0;0;0;R$500,00;;;;0;0;0;0;0;0;0;0;0;0
b84cf66b953156bfd1a04a8c8a60c354;14/08/2023;14/08/2023;Operacao de Apoio;Crimes de Corrupção                                                                                                             ;BA;DPF/VDC/BA                                                      ;Nao;                                                                                                                                ;0;0;0;0;;;;;0;0;0;0;0;0;0;0;0;0
ddf998eea227e77df2296de679b45fe6;14/08/2023;14/08/2023;Operacao Simples ;Tráfico de Drogas                                                                                                               ;RO;DPF/VLA/RO                                                      ;Nao;Bolívia                                                                                                                         ;0;0;0;0;R$3.950.500,00;;;;0;0;0;0;0;0;0;0;0;0
b414462ff79947991da4a52d9bdb9f7e;14/08/2023;14/08/2023;Operacao de Apoio;Tráfico de Drogas                                                                                                               ;SE;SR/PF/SE                                                        ;Nao;                                                                                                                                ;0;0;0;0;;;;;0;0;0;0;0;0;0;0;0;0
306859c770e51e02b80304a0a2f4dcb3;13/08/2023;13/08/2023;Operacao de Apoio;Tráfico de Drogas                                                                                                               ;MS;DPF/TLS/MS                                                      ;Nao;                                                                                                                                ;0;0;0;0;;;;;0;0;0;0;0;0;0;0;0;0
13bf702cad3eaa41e04093cd22a9a8e7;13/08/2023;13/08/2023;Operacao de Apoio;Tráfico de Drogas                                                                                                               ;MS;DPF/TLS/MS                                                      ;Nao;                                                                                                                                ;0;0;0;0;;;;;0;0;0;0;0;0;0;0;0;0
d856467cc092113054ef31d8ed42dd0d;13/08/2023;13/08/2023;Operacao de Apoio;Tráfico de Drogas                                                                                                               ;MS;DPF/TLS/MS                                                      ;Nao;                                                                                                                                ;0;0;0;0;;;;;0;0;0;0;0;0;0;0;0;0
ca42cba923ff6937e19c14bdd3b0408d;13/08/2023;13/08/2023;Operacao de Apoio;Tráfico de Drogas                                                                                                               ;MS;DPF/TLS/MS                                                      ;Nao;                                                                                                                                ;0;0;0;0;;;;;0;0;0;0;0;0;0;0;0;0
ede16ceb0c9d7241b84e3210bccb30ca;12/08/2023;12/08/2023;Operacao Simples ;Tráfico de Drogas                                                                                                               ;MT;SR/PF/MT                                                        ;Nao;                                                                                                                                ;0;0;0;0;R$485.789,00;;;;0;0;0;0;0;0;0;0;0;0
e4ee9e4d91cb0f8397b44d68bc74869f;06/07/2023;11/08/2023;Operacao Comum   ;Crimes Contra o Patrimônio                                                                                                      ;BA;SR/PF/BA                                                        ;Nao;                                                                                                                                ;0;4;0;4;;;;;0;0;0;0;0;0;0;0;0;0
e06235df5c45e6060e4b9659a9ef5cd9;08/08/2023;11/08/2023;Operacao Simples ;Tráfico de Drogas                                                                                                               ;AC;DPF/CZS/AC                                                      ;Nao;Peru                                                                                                                            ;2;0;0;0;R$15.305,00;;;;0;0;0;0;0;0;0;0;0;0
fee4a43d54163f6d40a1540c712a66fb;11/08/2023;11/08/2023;Operacao Comum   ;Tráfico de Drogas                                                                                                               ;MS;GISEFAC/DPF/PPA/MS                                              ;Nao;Paraguai                                                                                                                        ;1;0;0;0;;;;;0;0;0;0;0;0;0;0;0;0
a7b5706619f4413bf6eb3c1e7ca69d16;11/08/2023;11/08/2023;Operacao Simples ;Tráfico de Armas                                                                                                                ;MS;DPF/NVI/MS                                                      ;Nao;                                                                                                                                ;1;0;0;0;R$12.097,00;;;;0;0;0;0;0;0;0;0;0;0
467416e41a27859a78aa474ae0677218;11/08/2023;11/08/2023;Operacao Simples ;Tráfico de Drogas                                                                                                               ;BA;SR/PF/BA                                                        ;Nao;                                                                                                                                ;1;0;0;0;R$15.200,00;;;;0;0;0;0;0;0;0;0;0;0
d204fdb77012eed0621f32340d2b0730;11/08/2023;11/08/2023;Operacao de Apoio;Crimes de Corrupção                                                                                                             ;SP;SR/PF/SP                                                        ;Nao;                                                                                                                                ;0;0;0;0;;;;;0;0;0;0;0;0;0;0;0;0
2a171585d9d3f813c2c99a39501651c6;15/06/2023;10/08/2023;Operacao Especial;Tráfico de Drogas                                                                                                               ;RS;DPF/SMA/RS                                                      ;Nao;                                                                                                                                ;0;2;0;12;R$188.338,00;;;;0;0;0;0;0;0;0;0;0;0
a8491e5f4d8b7d0bc059a5a35d0e5bd2;26/06/2023;10/08/2023;Operacao Especial;Tráfico de Drogas                                                                                                               ;PB;SR/PF/PB                                                        ;Nao;                                                                                                                                ;0;0;0;20;R$180.586,00;;R$4.055.001,00;;0;0;0;0;0;0;0;0;0;0
15d5afa909938c5bc7e9616fce4ba73d;20/07/2023;10/08/2023;Operacao Especial;Tráfico de Armas                                                                                                                ;AP;SR/PF/AP                                                        ;Nao;                                                                                                                                ;1;0;0;2;;;;;0;0;0;0;0;0;0;0;0;0
eade6d2188902a89847556e02f1e897d;10/08/2023;10/08/2023;Operacao de Apoio;Tráfico de Drogas                                                                                                               ;CE;DPF/JNE/CE                                                      ;Nao;                                                                                                                                ;0;0;0;0;;;;;0;0;0;0;0;0;0;0;0;0
20b1d25366f5201b6bd7984c1cf78b04;10/08/2023;10/08/2023;Operacao Especial;Crimes de Ódio e Pornografia Infantil                                                                                           ;RS;DPF/SAG/RS                                                      ;Nao;Argentina                                                                                                                       ;1;0;0;0;R$2.960,00;;;;0;0;0;0;0;0;0;0;0;0
4b127aa4c7df2ccbd32f20a1dc5819fc;10/08/2023;10/08/2023;Operacao Simples ;Tráfico de Drogas                                                                                                               ;MS;DPF/TLS/MS                                                      ;Nao;                                                                                                                                ;1;0;0;0;R$238.423,00;;;;0;0;0;0;0;0;0;0;0;0
12626c18d8d33fdfd642f690ffb85a50;10/08/2023;10/08/2023;Operacao de Apoio;Crimes de Corrupção                                                                                                             ;DF;SR/PF/DF                                                        ;Nao;                                                                                                                                ;0;0;0;0;;;;;0;0;0;0;0;0;0;0;0;0
bf7d57d60e503014c294bceffb679301;10/08/2023;10/08/2023;Operacao de Apoio;Crimes de Corrupção                                                                                                             ;DF;SR/PF/DF                                                        ;Nao;                                                                                                                                ;0;0;0;0;;;;;0;0;0;0;0;0;0;0;0;0
56e31dcda351488bed68249ba32b9e4a;10/08/2023;10/08/2023;Operacao Simples ;Tráfico de Drogas                                                                                                               ;SP;DPF/GRU/SP - AIN                                                ;Nao;                                                                                                                                ;1;0;0;0;R$3.132,00;;;;0;0;0;0;0;0;0;0;0;0
dfd102c86625244dda14e568f3b1cb9e;10/08/2023;10/08/2023;Operacao Simples ;Tráfico de Drogas                                                                                                               ;SP;DPF/GRU/SP - AIN                                                ;Nao;                                                                                                                                ;1;0;0;0;R$1.743,00;;;;0;0;0;0;0;0;0;0;0;0
466e2733634ba1e1bcd8bb616a0aa743;10/08/2023;10/08/2023;Operacao de Apoio;Crimes de Corrupção                                                                                                             ;SP;SR/PF/SP                                                        ;Nao;                                                                                                                                ;0;0;0;0;;;;;0;0;0;0;0;0;0;0;0;0
4c8021b48de5c797a479b0da361fffac;10/08/2023;10/08/2023;Operacao de Apoio;Crimes de Corrupção                                                                                                             ;SP;SR/PF/SP                                                        ;Nao;                                                                                                                                ;0;0;0;0;;;;;0;0;0;0;0;0;0;0;0;0
01ec44935d62bf9758292694bb50d82d;10/08/2023;10/08/2023;Operacao Simples ;Tráfico de Drogas                                                                                                               ;AC;SR/PF/AC                                                        ;Nao;                                                                                                                                ;0;0;0;0;;;;;0;0;0;0;0;0;0;0;0;0
cedede02ef93499a3c3e5e48e2504643;11/11/2022;09/08/2023;Operacao Especial;Crimes Eleitorais                                                                                                               ;DF;SR/PF/DF                                                        ;Nao;                                                                                                                                ;0;0;1;9;;;;;0;0;0;0;0;0;0;0;0;0
1d0f0978c49f96b15364e327ce935e8c;03/01/2023;09/08/2023;Operacao Especial;Crimes de Ódio e Pornografia Infantil                                                                                           ;DF;SR/PF/DF                                                        ;Nao;                                                                                                                                ;0;1;0;0;;;;;0;0;0;0;0;0;0;0;0;0
e839164e726c709b208bfd1493e8df11;28/02/2023;09/08/2023;Operacao Especial;Fraudes Bancárias                                                                                                               ;MG;SR/PF/MG                                                        ;Nao;                                                                                                                                ;0;6;0;6;R$223.177,00;;;R$18.350,00;0;0;0;0;0;0;13;0;0;0
a04366f13e6aea0a1a0f88f2a7354e6c;30/06/2023;09/08/2023;Operacao Especial;Crimes de Ódio e Pornografia Infantil                                                                                           ;BA;DPF/JZO/BA                                                      ;Nao;                                                                                                                                ;0;0;0;0;;;;;0;0;0;0;0;0;0;0;0;0
a5e4923c17aa0b0be39d630f68936495;09/08/2023;09/08/2023;Operacao de Apoio;Crimes de Corrupção                                                                                                             ;SP;DPF/CAS/SP                                                      ;Nao;                                                                                                                                ;0;0;0;0;;;;;0;0;0;0;0;0;0;0;0;0
4f172d54ba630fcfc7740ef7d3fce133;09/08/2023;09/08/2023;Operacao de Apoio;Crimes de Corrupção                                                                                                             ;RN;DPF/MOS/RN                                                      ;Nao;                                                                                                                                ;0;0;0;0;;;;;0;0;0;0;0;0;0;0;0;0
ab4952138d2ca28349899a56488a14a0;09/08/2023;09/08/2023;Operacao de Apoio;Crimes de Corrupção                                                                                                             ;MG;SR/PF/MG                                                        ;Nao;                                                                                                                                ;0;0;0;0;;;;;0;0;0;0;0;0;0;0;0;0
c2c1f58c0240304574922a8c4c5d7906;09/08/2023;09/08/2023;Operacao de Apoio;Crimes de Corrupção                                                                                                             ;DF;SR/PF/DF                                                        ;Nao;                                                                                                                                ;0;0;0;0;;;;;0;0;0;0;0;0;0;0;0;0
012f6ec95df351601b5633eb4399b8be;09/08/2023;09/08/2023;Operacao Especial;Crimes de Ódio e Pornografia Infantil                                                                                           ;RS;DPF/SAG/RS                                                      ;Nao;                                                                                                                                ;1;0;0;1;R$700,00;;;;0;0;0;0;0;0;0;0;0;0
2bfb13331392cf9bc9a4156ef80a1d49;09/08/2023;09/08/2023;Operacao Simples ;Crimes Fazendários                                                                                                              ;MT;SR/PF/MT                                                        ;Nao;                                                                                                                                ;0;0;0;0;R$945,00;;;;0;0;0;0;0;0;0;0;0;0
aa13b319d8debb04489605d313703132;09/08/2023;09/08/2023;Operacao Simples ;Tráfico de Armas                                                                                                                ;BA;DPF/VDC/BA                                                      ;Nao;                                                                                                                                ;1;0;0;0;;;;;0;0;0;0;0;0;0;0;0;0
c9e371f1b1bf2ea104dc1572f78bedd0;09/08/2023;09/08/2023;Operacao Simples ;Tráfico de Drogas                                                                                                               ;SP;DPF/GRU/SP - AIN                                                ;Nao;                                                                                                                                ;1;0;0;0;;;;;0;0;0;0;0;0;0;0;0;0
2bece668126be1cab8042382ac3ea05b;09/08/2023;09/08/2023;Operacao Simples ;Tráfico de Drogas                                                                                                               ;SP;DPF/GRU/SP - AIN                                                ;Nao;                                                                                                                                ;2;0;0;0;R$4.984,00;;;;0;0;0;0;0;0;0;0;0;0
51457b3eb9b6f738d1a16b8e8e6ce08d;09/08/2023;09/08/2023;Operacao de Apoio;Crimes Fazendários                                                                                                              ;ES;SR/PF/ES                                                        ;Nao;                                                                                                                                ;0;0;0;0;;;;;0;0;0;0;0;0;0;0;0;0
6efe7f63e834fe51fc8be91ccc7672d8;09/08/2023;09/08/2023;Operacao de Apoio;Crimes Fazendários                                                                                                              ;ES;SR/PF/ES                                                        ;Nao;                                                                                                                                ;0;0;0;0;;;;;0;0;0;0;0;0;0;0;0;0
f7abfe8f3615438374e3492086a84596;09/08/2023;09/08/2023;Operacao de Apoio;Crimes Fazendários                                                                                                              ;ES;SR/PF/ES                                                        ;Nao;                                                                                                                                ;0;0;0;0;;;;;0;0;0;0;0;0;0;0;0;0
38cca13de983feb12dac1d5181de5cfe;09/08/2023;09/08/2023;Operacao de Apoio;Crimes Fazendários                                                                                                              ;ES;SR/PF/ES                                                        ;Nao;                                                                                                                                ;0;0;0;0;;;;;0;0;0;0;0;0;0;0;0;0
c58fb4047917d013af5d6781197f2a58;09/08/2023;09/08/2023;Operacao de Apoio;Crimes Fazendários                                                                                                              ;ES;SR/PF/ES                                                        ;Nao;                                                                                                                                ;0;0;0;0;;;;;0;0;0;0;0;0;0;0;0;0
064f96bc58c0eba8813d11f561e53022;03/05/2021;08/08/2023;Operacao Comum   ;Crimes de Ódio e Pornografia Infantil                                                                                           ;BA;SR/PF/BA                                                        ;Nao;                                                                                                                                ;0;0;0;1;;;;;0;0;0;0;0;0;0;0;0;0
9ce30f69fe0465cc182a346216d98707;25/05/2023;08/08/2023;Operacao Especial;Crimes Contra o Patrimônio                                                                                                      ;SP;DPF/CAS/SP                                                      ;Nao;                                                                                                                                ;1;0;7;5;R$9.000,00;;;;0;0;0;0;0;0;0;0;0;0
7a6b1ea0689a94435636a6417d7160f0;21/06/2023;08/08/2023;Operacao Especial;Crimes de Ódio e Pornografia Infantil                                                                                           ;DF;SR/PF/DF                                                        ;Nao;                                                                                                                                ;1;0;0;1;;;;;0;0;0;0;0;0;0;0;0;0
948e13421f103fee4646b9cbb9c67bc4;31/07/2023;08/08/2023;Operacao Especial;Crimes de Ódio e Pornografia Infantil                                                                                           ;SP;DPF/CZO/SP                                                      ;Nao;                                                                                                                                ;0;0;0;0;;;;;0;0;0;0;0;0;0;0;0;0
951b1242ff632822be819d17ed678d83;01/08/2023;08/08/2023;Operacao Especial;Tráfico de Drogas                                                                                                               ;ES;SR/PF/ES                                                        ;Nao;                                                                                                                                ;0;0;0;1;;;;;0;0;0;0;0;0;0;0;0;0
0d2884faf0b90f342b12de2abcaaf83d;01/08/2023;08/08/2023;Operacao Especial;Tráfico de Drogas                                                                                                               ;ES;SR/PF/ES                                                        ;Nao;                                                                                                                                ;0;0;0;1;;;;;0;0;0;0;0;0;0;0;0;0
9bf7c736ee9988caec9719ad7e0b0959;03/08/2023;08/08/2023;Operacao Simples ;Tráfico de Armas                                                                                                                ;RS;DPF/SMA/RS                                                      ;Nao;                                                                                                                                ;1;1;0;0;R$5.568,00;;;;0;0;0;0;0;0;0;0;0;0
36a4450df39fa434a917d997f304b1c0;08/08/2023;08/08/2023;Operacao Especial;Crimes de Ódio e Pornografia Infantil                                                                                           ;MG;DPF/URA/MG                                                      ;Nao;                                                                                                                                ;0;0;0;1;;;;;0;0;0;0;0;0;0;0;0;0
3f64e212a7c8475bd589a2dd303c45c9;08/08/2023;08/08/2023;Operacao Simples ;Crimes de Ódio e Pornografia Infantil                                                                                           ;DF;SR/PF/DF                                                        ;Nao;                                                                                                                                ;1;0;0;0;;;;;0;0;0;0;0;0;0;0;0;0
ce9fefefd437e59e600e050090e2e506;08/08/2023;08/08/2023;Operacao Simples ;Tráfico de Drogas                                                                                                               ;MS;DPF/PPA/MS                                                      ;Nao;Paraguai                                                                                                                        ;0;0;0;0;R$11.328,00;;;;0;0;0;0;0;0;0;0;0;0
1a00806739b35c9a5f11f6e7b16d977c;08/08/2023;08/08/2023;Operacao de Apoio;Tráfico de Drogas                                                                                                               ;SE;SR/PF/SE                                                        ;Nao;                                                                                                                                ;0;0;0;0;;;;;0;0;0;0;0;0;0;0;0;0
21dd97a14dcd62395550d2cc5b7eed97;08/08/2023;08/08/2023;Operacao Especial;Tráfico de Drogas                                                                                                               ;AC;FTSP/DRCOR/SR/PF/AC                                             ;Nao;Bolívia                                                                                                                         ;1;2;0;7;;;;;0;0;0;0;0;0;0;0;0;0
ca92f712043769ba697744556f1b5329;08/08/2023;08/08/2023;Operacao de Apoio;Crimes de Corrupção                                                                                                             ;MT;SR/PF/MT                                                        ;Nao;                                                                                                                                ;0;0;0;0;;;;;0;0;0;0;0;0;0;0;0;0
f79f083a402f8ed6179bd8982fc342f2;07/08/2023;07/08/2023;Operacao Simples ;Tráfico de Drogas                                                                                                               ;MS;DPF/DRS/MS                                                      ;Nao;                                                                                                                                ;0;0;0;0;R$210.051,00;;;;0;0;0;0;0;0;0;0;0;0
983d086cc5dbe8fc0ff227f793b8fc6d;07/08/2023;07/08/2023;Operacao Especial;Crimes Contra Direitos Humanos                                                                                                  ;SP;SR/PF/SP                                                        ;Nao;                                                                                                                                ;0;0;0;0;R$3.000,00;;;;0;0;0;0;0;0;0;0;0;0
e1d3ba0dd984ed1343efb59456296bb5;07/08/2023;07/08/2023;Operacao Simples ;Crimes Fazendários                                                                                                              ;MT;DPF/ROO/MT                                                      ;Nao;                                                                                                                                ;0;0;0;0;R$246.816,00;;;;0;0;0;0;0;0;0;0;0;0
aac4d48b1e3f0c9578dc6701c04cdfac;07/08/2023;07/08/2023;Operacao Especial;Crimes Contra Direitos Humanos                                                                                                  ;AC;SR/PF/AC                                                        ;Nao;                                                                                                                                ;0;0;0;0;;;;;0;0;0;0;0;0;0;0;0;0
c6dc6222115833d76fc4b8fdbc3d3b2a;09/08/2023;07/08/2023;Operacao Especial;Crimes Ambientais e Contra o Patrimônio Cultural                                                                                ;RO;GIASE/DELEMAPH/DRCOR/SR/PF/RO                                   ;Sim;                                                                                                                                ;0;0;0;0;;;;;0;0;0;0;0;0;0;0;0;0
a61b7c7ce03492e40b55808eb9c20f94;15/08/2023;07/08/2023;Operacao Simples ;Tráfico de Drogas                                                                                                               ;MS;DPF/PPA/MS                                                      ;Nao;Paraguai                                                                                                                        ;0;0;0;0;R$11.421,00;;;;0;0;0;0;0;0;0;0;0;0
361922255dd163c62e86f435c907bf2a;06/08/2023;06/08/2023;Operacao Simples ;Tráfico de Drogas                                                                                                               ;AC;SR/PF/AC                                                        ;Nao;                                                                                                                                ;1;0;0;0;;;;;0;0;0;0;0;0;0;0;0;0
0ea171b9dcccdd7bc1056ee20e307bdb;06/08/2023;06/08/2023;Operacao Simples ;Tráfico de Drogas                                                                                                               ;SP;DPF/MII/SP                                                      ;Nao;                                                                                                                                ;0;0;0;0;R$1.971,00;;;;0;0;0;0;0;0;0;0;0;0
a1f12c5ad9b51447859c7ab15656a18e;06/08/2023;06/08/2023;Operacao Simples ;Tráfico de Armas                                                                                                                ;MS;DPF/PPA/MS                                                      ;Nao;Paraguai                                                                                                                        ;0;0;0;0;R$6.245,00;;;;0;0;0;0;0;0;0;0;0;0
2132c0b42deff5b15d8ce1cab7b4f673;06/08/2023;06/08/2023;Operacao Simples ;Tráfico de Drogas                                                                                                               ;SP;DPF/GRU/SP - AIN                                                ;Nao;                                                                                                                                ;1;0;0;0;R$1.772,00;;;;0;0;0;0;0;0;0;0;0;0
307697abed989e5eebe642ec631be43e;06/08/2023;06/08/2023;Operacao Simples ;Tráfico de Drogas                                                                                                               ;SP;DPF/GRU/SP - AIN                                                ;Nao;                                                                                                                                ;1;0;0;0;R$972,00;;;;0;0;0;0;0;0;0;0;0;0
bfcd43ce6d05e76d11654da804d52b65;06/08/2023;06/08/2023;Operacao Simples ;Tráfico de Drogas                                                                                                               ;SP;DPF/GRU/SP - AIN                                                ;Nao;                                                                                                                                ;1;0;0;0;R$914,00;;;;0;0;0;0;0;0;0;0;0;0
dab14a350ac311c7a2589ab7d48358ad;07/08/2023;06/08/2023;Operacao Simples ;Tráfico de Drogas                                                                                                               ;BA;DPF/BRA/BA                                                      ;Nao;                                                                                                                                ;0;0;0;0;R$976,00;;;;0;0;0;0;0;0;0;0;0;0
e95fcfb711b39864a344d68e84d3b43f;05/08/2023;05/08/2023;Operacao Simples ;Tráfico de Drogas                                                                                                               ;MS;SR/PF/MS                                                        ;Nao;                                                                                                                                ;0;0;0;0;;;;;0;0;0;0;0;0;0;0;0;0
95e61034581a97c81d2b10d01020ddae;24/05/2023;04/08/2023;Operacao Especial;Crimes de Ódio e Pornografia Infantil                                                                                           ;ES;SR/PF/ES                                                        ;Nao;                                                                                                                                ;1;0;0;2;;;;;0;0;0;0;0;0;0;0;0;0
76d08cb25ca2ed9583d3f72fc6aedc56;10/07/2023;04/08/2023;Operacao Especial;Crimes Fazendários                                                                                                              ;DF;SR/PF/DF                                                        ;Nao;                                                                                                                                ;0;0;0;2;;;;R$7.000.000,00;0;0;0;0;0;0;0;0;0;0
9349e20458f64c9bfb83b5221e145937;04/08/2023;04/08/2023;Operacao Especial;Crimes de Ódio e Pornografia Infantil                                                                                           ;PA;SR/PF/PA                                                        ;Nao;                                                                                                                                ;0;0;0;2;R$1.459,00;;;;0;0;0;0;0;0;0;0;0;0
a8d33bbb03176fffc213b60123b2503b;04/08/2023;04/08/2023;Operacao Simples ;Tráfico de Drogas                                                                                                               ;SP;DPF/GRU/SP - AIN                                                ;Nao;                                                                                                                                ;1;0;0;0;R$10.188,00;;;;0;0;0;0;0;0;0;0;0;0
2bd41fd13241a3321feeb873582ee6a1;04/08/2023;04/08/2023;Operacao Simples ;Tráfico de Drogas                                                                                                               ;SP;DPF/GRU/SP - AIN                                                ;Nao;                                                                                                                                ;1;0;0;0;;;;;0;0;0;0;0;0;0;0;0;0
69e3b5f57f3b1b45c5b577c58223fd94;04/08/2023;04/08/2023;Operacao Simples ;Tráfico de Drogas                                                                                                               ;SP;DPF/GRU/SP - AIN                                                ;Nao;                                                                                                                                ;1;0;0;0;R$4.933,00;;;;0;0;0;0;0;0;0;0;0;0
9b1fc059a71fe47b61063c80c81af8c3;04/08/2023;04/08/2023;Operacao Simples ;Tráfico de Drogas                                                                                                               ;RJ;DPF/AIN/RJ                                                      ;Nao;                                                                                                                                ;1;0;0;0;;;;;0;0;0;0;0;0;0;0;0;0
5e7806d96212ab1d9912e4315c62f2b8;02/06/2022;03/08/2023;Operacao Especial;Tráfico de Armas                                                                                                                ;DF;SR/PF/DF                                                        ;Nao;                                                                                                                                ;0;0;0;4;R$99.000,00;;;;0;0;0;0;0;0;0;0;0;0
70c79fc58b2c3e2785355b37573f2f56;13/07/2022;03/08/2023;Operacao Especial;Tráfico de Drogas                                                                                                               ;DF;SR/PF/DF                                                        ;Nao;                                                                                                                                ;1;0;1;4;R$804.500,00;;;;0;0;0;0;0;0;0;0;0;0
17849840991a52ff117597201538f162;17/08/2022;03/08/2023;Operacao Especial;Tráfico de Drogas                                                                                                               ;RS;DPF/SMA/RS                                                      ;Nao;                                                                                                                                ;1;14;6;28;R$1.046.783,00;;;R$29.295,00;8;0;0;0;0;0;0;0;0;0
c9aa2f73002e81f5e059ed1184113a44;23/05/2023;03/08/2023;Operacao Especial;Tráfico de Drogas                                                                                                               ;SP;DPF/CAS/SP                                                      ;Nao;                                                                                                                                ;0;1;0;3;;;;;0;0;0;0;0;0;0;0;0;0
92e046b3bfde21047600bbf9167b52a2;04/07/2023;03/08/2023;Operacao Especial;Crimes de Ódio e Pornografia Infantil                                                                                           ;CE;SR/PF/CE                                                        ;Nao;                                                                                                                                ;0;6;0;6;R$9.000,00;;;;0;0;0;0;0;1;1;0;0;0
431d5ef2a2ab88a714cd275a8e5ced6f;26/07/2023;03/08/2023;Operacao Especial;Tráfico de Armas                                                                                                                ;MS;DPF/DRS/MS                                                      ;Nao;                                                                                                                                ;0;1;0;2;R$19.829,00;;;;0;0;0;0;0;0;0;0;0;0
fc7454d2472f4595c72d2c01e3625cc7;03/08/2023;03/08/2023;Operacao de Apoio;Tráfico de Drogas                                                                                                               ;SC;SR/PF/SC                                                        ;Nao;                                                                                                                                ;0;0;0;0;;;;;0;0;0;0;0;0;0;0;0;0
9475b4f4bb765308ea23c451de8033e0;03/08/2023;03/08/2023;Operacao de Apoio;Tráfico de Drogas                                                                                                               ;SC;SR/PF/SC                                                        ;Nao;                                                                                                                                ;0;0;0;0;;;;;0;0;0;0;0;0;0;0;0;0
2e2d550bde81bcfecd9c7f00e0142194;03/08/2023;03/08/2023;Operacao de Apoio;Tráfico de Drogas                                                                                                               ;SP;DPF/SOD/SP                                                      ;Nao;                                                                                                                                ;0;0;0;0;;;;;0;0;0;0;0;0;0;0;0;0
2d0524284e6df83726a7737d2770a749;03/08/2023;03/08/2023;Operacao de Apoio;Tráfico de Drogas                                                                                                               ;SP;DPF/SOD/SP                                                      ;Nao;                                                                                                                                ;0;0;0;0;;;;;0;0;0;0;0;0;0;0;0;0
ace0ae10cebd5cc19a8dbeb239cdfa4d;03/08/2023;03/08/2023;Operacao de Apoio;Tráfico de Drogas                                                                                                               ;SP;SR/PF/SP                                                        ;Nao;                                                                                                                                ;0;0;0;0;;;;;0;0;0;0;0;0;0;0;0;0
157dd58a8c32fd2524be2e95ee53bf87;03/08/2023;03/08/2023;Operacao de Apoio;Tráfico de Drogas                                                                                                               ;SP;DPF/PCA/SP                                                      ;Nao;                                                                                                                                ;0;0;0;0;;;;;0;0;0;0;0;0;0;0;0;0
8bf7629db4267d3ffa1b6b3d38eacf53;03/08/2023;03/08/2023;Operacao de Apoio;Tráfico de Drogas                                                                                                               ;SP;DPF/CAS/SP                                                      ;Nao;                                                                                                                                ;0;0;0;0;;;;;0;0;0;0;0;0;0;0;0;0
6bd89c583f207f08161f093093871499;03/08/2023;03/08/2023;Operacao de Apoio;Tráfico de Drogas                                                                                                               ;SP;DPF/CAS/SP                                                      ;Nao;                                                                                                                                ;0;0;0;0;;;;;0;0;0;0;0;0;0;0;0;0
255d6fd6074bf2040b83bca9bcc065d6;03/08/2023;03/08/2023;Operacao de Apoio;Tráfico de Drogas                                                                                                               ;SP;SR/PF/SP                                                        ;Nao;                                                                                                                                ;0;0;0;0;;;;;0;0;0;0;0;0;0;0;0;0
4201293e4ada2e09b4b9ece6f6bce80c;03/08/2023;03/08/2023;Operacao de Apoio;Tráfico de Drogas                                                                                                               ;SP;SR/PF/SP                                                        ;Nao;                                                                                                                                ;0;0;0;0;;;;;0;0;0;0;0;0;0;0;0;0
6aca5d0768f3ad28f1c0384ecad685b0;03/08/2023;03/08/2023;Operacao de Apoio;Tráfico de Drogas                                                                                                               ;SP;SR/PF/SP                                                        ;Nao;                                                                                                                                ;0;0;0;0;;;;;0;0;0;0;0;0;0;0;0;0
99f2f4f7ed35c9b7843931fd7a877f58;03/08/2023;03/08/2023;Operacao Simples ;Tráfico de Drogas                                                                                                               ;RS;DPF/JGO/RS                                                      ;Nao;Uruguai                                                                                                                         ;0;0;0;0;;;;;0;0;0;0;0;0;0;0;0;0
179780d8264ef8b801c3456f7ad6a1bd;03/08/2023;03/08/2023;Operacao de Apoio;Crimes de Corrupção                                                                                                             ;DF;SR/PF/DF                                                        ;Nao;                                                                                                                                ;0;0;0;0;;;;;0;0;0;0;0;0;0;0;0;0
1c31b8e34f89e0aa7823024ca0d9aa01;03/08/2023;03/08/2023;Operacao de Apoio;Tráfico de Drogas                                                                                                               ;RS;DPF/SMA/RS                                                      ;Nao;                                                                                                                                ;0;0;0;0;;;;;0;0;0;0;0;0;0;0;0;0
535f125393f8c387df29958bdb0927ec;03/08/2023;03/08/2023;Operacao de Apoio;Tráfico de Drogas                                                                                                               ;RS;DPF/SMA/RS                                                      ;Nao;                                                                                                                                ;0;0;0;0;;;;;0;0;0;0;0;0;0;0;0;0
051120281a9b47e326abaa75c8b8d916;03/08/2023;03/08/2023;Operacao de Apoio;Tráfico de Drogas                                                                                                               ;RS;DPF/SMA/RS                                                      ;Nao;                                                                                                                                ;0;0;0;0;;;;;0;0;0;0;0;0;0;0;0;0
232402e786b8616c1559ab4221b39100;03/08/2023;03/08/2023;Operacao de Apoio;Tráfico de Drogas                                                                                                               ;RS;DPF/SMA/RS                                                      ;Nao;                                                                                                                                ;0;0;0;0;;;;;0;0;0;0;0;0;0;0;0;0
eafb53798f7d99f73ec0506ecd221a55;03/08/2023;03/08/2023;Operacao Simples ;Tráfico de Drogas                                                                                                               ;RS;DPF/SMA/RS                                                      ;Nao;                                                                                                                                ;1;0;0;0;;;;;0;0;1;0;0;0;0;0;0;0
9f6c2592249245985f57238ca4236807;03/08/2023;03/08/2023;Operacao Simples ;Crimes Fazendários                                                                                                              ;AC;DPF/EPA/AC                                                      ;Nao;Bolívia                                                                                                                         ;2;0;0;0;R$90.000,00;;;;0;0;0;0;0;0;0;0;0;0
b9b8da5f191bc47be26d54b30804a6b0;03/08/2023;03/08/2023;Operacao Simples ;Tráfico de Drogas                                                                                                               ;SP;DPF/GRU/SP - AIN                                                ;Nao;                                                                                                                                ;2;0;0;0;R$10.253,00;;;;0;0;0;0;0;0;0;0;0;0
d683fe001a6042286a172f5c64341fd4;03/08/2023;03/08/2023;Operacao Simples ;Tráfico de Drogas                                                                                                               ;SP;DPF/GRU/SP - AIN                                                ;Nao;                                                                                                                                ;1;0;0;0;R$5.340,00;;;;0;0;0;0;0;0;0;0;0;0
ada82571d9a812b75c847753330e49db;03/08/2023;03/08/2023;Operacao Especial;Crimes de Corrupção                                                                                                             ;PI;SR/PF/PI                                                        ;Nao;                                                                                                                                ;0;0;0;3;R$334.393,00;;R$325.493,00;R$702.185,00;2;2;2;0;0;0;0;0;0;0
b4dd56974416f81c5048d36199d07439;03/08/2023;03/08/2023;Operacao de Apoio;Crimes de Corrupção                                                                                                             ;SE;SR/PF/SE                                                        ;Nao;                                                                                                                                ;0;0;0;0;;;;;0;0;0;0;0;0;0;0;0;0
e124813d86b2a9ca8a31fb8a1d8e4ffc;04/08/2023;03/08/2023;Operacao Simples ;Tráfico de Drogas                                                                                                               ;PA;SR/PF/PA                                                        ;Nao;                                                                                                                                ;0;0;0;0;;;;;0;0;0;0;0;0;0;0;0;0
8f0a0c130fbe5b768b33f5569f2d1003;04/08/2023;03/08/2023;Operacao Simples ;Tráfico de Armas                                                                                                                ;DF;SR/PF/DF                                                        ;Nao;                                                                                                                                ;1;0;0;0;;;;;0;0;0;0;0;0;0;0;0;0
f4893c0c471365ec6b19eff5b107b3fa;11/03/2021;02/08/2023;Operacao Especial;Crimes de Ódio e Pornografia Infantil                                                                                           ;SC;DPF/CCM/SC                                                      ;Nao;                                                                                                                                ;1;0;0;1;;;;;0;0;0;0;0;0;0;0;0;0
74d09f2bbaa1bbd0ee7ee8bfb8752fd4;05/06/2023;02/08/2023;Operacao Especial;Crimes de Ódio e Pornografia Infantil                                                                                           ;SE;SR/PF/SE                                                        ;Nao;                                                                                                                                ;1;1;0;1;;;;;0;0;0;0;0;0;0;0;0;0
13898de81f9e6db3bc576a4e6c75d6bd;11/07/2023;02/08/2023;Operacao Especial;Crimes de Ódio e Pornografia Infantil                                                                                           ;DF;SR/PF/DF                                                        ;Nao;                                                                                                                                ;0;0;0;1;;;;;0;0;0;0;0;0;0;0;0;0
a8f7c856621528495ede5f2d6c137662;21/07/2023;02/08/2023;Operacao Comum   ;Tráfico de Drogas                                                                                                               ;SP;DPF/STS/SP                                                      ;Nao;                                                                                                                                ;0;1;0;0;;;;;0;0;0;0;0;0;0;0;0;0
18fc025655b4d75b400e658e071ae574;26/07/2023;02/08/2023;Operacao Especial;Crimes de Ódio e Pornografia Infantil                                                                                           ;BA;DPF/JZO/BA                                                      ;Nao;                                                                                                                                ;0;0;0;3;;;;;0;0;0;0;0;0;0;0;0;0
eda466057e6da284e858b29e00cd6784;02/08/2023;02/08/2023;Operacao de Apoio;Crimes de Corrupção                                                                                                             ;SP;SR/PF/SP                                                        ;Nao;                                                                                                                                ;0;0;0;0;;;;;0;0;0;0;0;0;0;0;0;0
262604eb4d6d77681c1460791a47c3c8;02/08/2023;02/08/2023;Operacao de Apoio;Crimes de Corrupção                                                                                                             ;SP;SR/PF/SP                                                        ;Nao;                                                                                                                                ;0;0;0;0;;;;;0;0;0;0;0;0;0;0;0;0
fd6ff4e701e473676060d54a773e71b5;02/08/2023;02/08/2023;Operacao de Apoio;Tráfico de Drogas                                                                                                               ;DF;SR/PF/DF                                                        ;Nao;                                                                                                                                ;0;0;0;0;;;;;0;0;0;0;0;0;0;0;0;0
22f37fa78c1cccc1951894ad4a0c1606;02/08/2023;02/08/2023;Operacao de Apoio;Crimes de Corrupção                                                                                                             ;SP;SR/PF/SP                                                        ;Nao;                                                                                                                                ;0;0;0;0;;;;;0;0;0;0;0;0;0;0;0;0
fd5eb0b16b3e97c0810f2837b64a93c7;02/08/2023;02/08/2023;Operacao de Apoio;Crimes de Corrupção                                                                                                             ;SP;DPF/AQA/SP                                                      ;Nao;                                                                                                                                ;0;0;0;0;;;;;0;0;0;0;0;0;0;0;0;0
dd34286490edaaa9c5dae6f7c823ece3;02/08/2023;02/08/2023;Operacao Simples ;Tráfico de Armas                                                                                                                ;MT;SR/PF/MT                                                        ;Nao;                                                                                                                                ;1;0;0;0;R$15.400,00;;;;0;0;0;0;0;0;0;0;0;0
2f85129a5c6ce913990da273d6c990b2;02/08/2023;02/08/2023;Operacao de Apoio;Crimes Contra o Patrimônio                                                                                                      ;MG;SR/PF/MG                                                        ;Nao;                                                                                                                                ;0;0;0;0;;;;;0;0;0;0;0;0;0;0;0;0
70fd3db70cb0d20b80e38165357b369a;02/08/2023;02/08/2023;Operacao Simples ;Tráfico de Drogas                                                                                                               ;SP;DPF/GRU/SP - AIN                                                ;Nao;                                                                                                                                ;1;0;0;0;R$5.212,00;;;;0;0;0;0;0;0;0;0;0;0
446b212a5bc1fc404998e5341f809238;02/08/2023;02/08/2023;Operacao Comum   ;Crimes Contra o Patrimônio                                                                                                      ;RS;SR/PF/RS                                                        ;Nao;                                                                                                                                ;1;0;2;2;;;;;0;0;0;0;0;0;0;0;0;0
d8d8179c93fe7f72c9412eb802152e2e;02/08/2023;02/08/2023;Operacao Comum   ;Tráfico de Drogas                                                                                                               ;RO;SR/PF/RO                                                        ;Nao;Bolívia                                                                                                                         ;1;0;0;0;R$350,00;;;;0;0;0;0;0;0;0;0;0;0
3d3d0d329f928076a9f074a51250a911;24/05/2019;01/08/2023;Operacao Especial;Crimes de Corrupção                                                                                                             ;RR;SR/PF/RR                                                        ;Nao;                                                                                                                                ;0;0;0;10;R$20.000,00;;R$9.500.000,00;;0;0;0;0;0;0;0;0;0;0
88eed9dcb7b02aa980d94ad50f1d21d2;18/08/2022;01/08/2023;Operacao Especial;Crimes de Ódio e Pornografia Infantil                                                                                           ;SP;SR/PF/SP                                                        ;Nao;                                                                                                                                ;1;0;0;1;;;;;0;0;0;0;0;0;0;0;0;0
9d106d7cdfa924f0980dc53860169044;06/09/2022;01/08/2023;Operacao Especial;Tráfico de Drogas                                                                                                               ;SP;NIP/PF/STS/SP                                                   ;Nao;                                                                                                                                ;0;0;0;7;R$17.388,00;;;;0;0;0;0;0;0;0;0;0;0
754ef5c0c09b2069d4ee3f0268197ecd;30/06/2023;01/08/2023;Operacao Comum   ;Crimes de Ódio e Pornografia Infantil                                                                                           ;PB;DPF/PAT/PB                                                      ;Nao;                                                                                                                                ;0;0;0;1;R$4.432,00;;;;0;0;0;0;0;0;0;0;0;0
04577b5d415b3e8917b3940bd7f1abc4;24/07/2023;01/08/2023;Operacao Especial;Tráfico de Drogas                                                                                                               ;RN;FTSP/DRCOR/SR/PF/RN                                             ;Nao;                                                                                                                                ;0;1;0;1;;;;;0;0;0;0;0;0;0;0;0;0
55db0afa1e163d513aabff35b8e41beb;01/08/2023;01/08/2023;Operacao de Apoio;Crimes Contra o Patrimônio                                                                                                      ;SP;DPF/SJK/SP                                                      ;Nao;                                                                                                                                ;0;0;0;0;;;;;0;0;0;0;0;0;0;0;0;0
0b93bc2b8c3eb78a0c19e18f4cf31740;01/08/2023;01/08/2023;Operacao Simples ;Crimes Fazendários                                                                                                              ;AL;SR/PF/AL                                                        ;Nao;                                                                                                                                ;1;0;0;0;;;;;0;0;0;0;0;0;0;0;0;0
4895158a0f7db7824b1eb3a6981a9972;01/08/2023;01/08/2023;Operacao Simples ;Tráfico de Armas                                                                                                                ;CE;SR/PF/CE                                                        ;Nao;                                                                                                                                ;1;0;0;0;;;;;0;0;0;0;0;0;0;0;0;0
7529403f563fdcd40cad6e73a3473868;01/08/2023;01/08/2023;Operacao Simples ;Tráfico de Drogas                                                                                                               ;MG;DPF/GVS/MG                                                      ;Nao;                                                                                                                                ;0;0;0;0;R$7.364,00;;;;0;0;0;0;0;0;0;0;0;0
87910e6a8c4e8004de963c07bbb6983a;01/08/2023;01/08/2023;Operacao Simples ;Tráfico de Drogas                                                                                                               ;MG;DPF/MOC/MG                                                      ;Nao;                                                                                                                                ;1;0;0;0;R$2.000,00;;;;0;0;0;0;0;0;0;0;0;0
1efe0e6042039635148732be93765273;01/08/2023;01/08/2023;Operacao Simples ;Tráfico de Drogas                                                                                                               ;MS;DPF/PPA/MS                                                      ;Nao;Paraguai                                                                                                                        ;0;0;0;0;R$37.071,00;;;;0;0;0;0;0;0;0;0;0;0
48fcb2d8e7c91e4c4fe0729b0b170c50;01/08/2023;01/08/2023;Operacao de Apoio;Tráfico de Drogas                                                                                                               ;MG;SR/PF/MG                                                        ;Nao;                                                                                                                                ;0;0;0;0;;;;;0;0;0;0;0;0;0;0;0;0
bae212526268a834079dba61f33b3f2c;01/08/2023;01/08/2023;Operacao de Apoio;Tráfico de Drogas                                                                                                               ;MS;SR/PF/MS                                                        ;Nao;                                                                                                                                ;0;0;0;0;;;;;0;0;0;0;0;0;0;0;0;0
e6d28dbd20e26a7ed51e480df2c63da9;01/08/2023;01/08/2023;Operacao de Apoio;Tráfico de Drogas                                                                                                               ;MS;SR/PF/MS                                                        ;Nao;                                                                                                                                ;0;0;0;0;;;;;0;0;0;0;0;0;0;0;0;0
9fc3d2565bff35fe1a7b514fb64082a4;01/08/2023;01/08/2023;Operacao de Apoio;Tráfico de Drogas                                                                                                               ;MS;SR/PF/MS                                                        ;Nao;                                                                                                                                ;0;0;0;0;;;;;0;0;0;0;0;0;0;0;0;0
a1351003cfbd7043b59eaf743861c884;01/08/2023;01/08/2023;Operacao de Apoio;Tráfico de Drogas                                                                                                               ;MS;SR/PF/MS                                                        ;Nao;                                                                                                                                ;0;0;0;0;;;;;0;0;0;0;0;0;0;0;0;0
fd7a5cc4cfed46fa0905ea330837d177;01/08/2023;01/08/2023;Operacao Especial;Tráfico de Drogas                                                                                                               ;AC;FTSP/DRCOR/SR/PF/AC                                             ;Nao;                                                                                                                                ;0;12;0;0;R$1.605,00;;;;0;0;0;0;0;0;0;0;0;0
